<?xml version="1.0" encoding="utf-8"?>
<window id="1109" type="dialog">
	<allowoverlay>no</allowoverlay>
	<defaultcontrol always="true">99000</defaultcontrol>
	<coordinates>
		<system>1</system>
		<posx>650</posx>
		<posy>100</posy>
	</coordinates>
    <animation effect="slide" start="150,0" end="0,0" time="100">WindowOpen</animation>
    <animation effect="slide" start="0,0" end="150,0" time="100">WindowClose</animation>
    <controls>

     
        <control type="image">
            <posx>0</posx>
            <posy>188</posy>
            <width>300</width>
            <height>300</height>
            <texture>background.jpg</texture>
        </control>
			
        <control type="image" id="4100">
            <posx>170</posx>
            <posy>380</posy>
            <width>150</width>
            <height>80</height>
            <aspectratio>keep</aspectratio>
        </control>
        <control type="label" id="4101">
            <posx>20</posx>
            <posy>50</posy>
            <width>240</width>
            <height>30</height>
            <align>center</align>
            <aligny>center</aligny>
            <font>osdTitle</font>
            <textcolor>ffffffff</textcolor>
        </control>
		<control type="button" id="99000">
                    <description>PHOENIX 24/7</description>
                    <posx>0</posx>
                    <posy>190</posy>
                    <width>300</width>
                    <height>30</height>
					<onup>99001</onup>
					<ondown>99001</ondown>
					<onleft>Dialog.Close(1109)</onleft>
					<textcolor>ffffffff</textcolor>
                    <font>smallfont</font>
                    <label>[B]PHOENIX 24/7[/B]</label>
                    <aligny>center</aligny>
                    <align>left</align>
					<texturefocus>tvguide-program-grey-focus.png</texturefocus>
                    <texturenofocus>tvguide-program-grey.png</texturenofocus>
					<onclick>ActivateWindow(10025,&quot;plugin://plugin.video.phstreams/?action=ndmode&amp;audio=0&amp;content=0&amp;fanart=http%3a%2f%2fs20.postimg.org%2fw4r6o7t3x%2fPhoenix_Fanart.png&amp;image=http%3a%2f%2fs20.postimg.org%2f59lqn21i5%2f247_TV_Icon.png&amp;name=24%2f7%20TV&amp;playable=false&amp;tvshow=0&amp;url=http%3a%2f%2fshanghai.watchkodi.com%2fSections%2fEntertainment%2f.247%2520TV%2520Shows.xml&quot;,return)</onclick>
					<onclick>Dialog.Close(1109)</onclick>
					<onclick>Dialog.Close(1101)</onclick>
			   </control>
		<control type="button" id="99001">
                    <description>JEKYLL AND HYDE 24/7</description>
                    <posx>0</posx>
                    <posy>230</posy>
                    <width>300</width>
                    <height>30</height>
					<onup>99000</onup>
					<ondown>99000</ondown>
					<onleft>Dialog.Close(1109)</onleft>
					<textcolor>ffffffff</textcolor>
                    <font>smallfont</font>
                    <label>[B]JEKYLL AND HYDE 24/7[/B]</label>
                    <aligny>center</aligny>
                    <align>left</align>
					<texturefocus>tvguide-program-grey-focus.png</texturefocus>
                    <texturenofocus>tvguide-program-grey.png</texturenofocus>
					<onclick>ActivateWindow(10025,&quot;plugin://plugin.video.Jeckyll-Hyde/?fanart=http%3a%2f%2fkngt.x10host.com%2fLists%2fLogos%2f24-7_fanart.jpg&amp;mode=1&amp;name=24-7&amp;url=http%3a%2f%2fkngt.x10host.com%2fLists%2f247%2f247.xml&quot;,return)</onclick>
					<onclick>Dialog.Close(1109)</onclick>
					<onclick>Dialog.Close(1101)</onclick>
			   </control>
        
    </controls>
</window>
