<?xml version="1.0" encoding="utf-8"?>
<window id="1110" type="dialog">
	<allowoverlay>no</allowoverlay>
	<defaultcontrol always="true">98000</defaultcontrol>
	<coordinates>
		<system>1</system>
		<posx>400</posx>
		<posy>100</posy>
	</coordinates>
    <animation effect="slide" start="150,0" end="0,0" time="100">WindowOpen</animation>
    <animation effect="slide" start="0,0" end="150,0" time="100">WindowClose</animation>
    <controls>

     
        <control type="image">
            <posx>250</posx>
            <posy>188</posy>
            <width>300</width>
            <height>300</height>
			<texture>background.jpg</texture>
        </control>
			
        <control type="image" id="4100">
            <posx>420</posx>
            <posy>380</posy>
            <width>150</width>
            <height>80</height>
            <aspectratio>keep</aspectratio>
        </control>
        <control type="label" id="4101">
            <posx>250</posx>
            <posy>50</posy>
            <width>240</width>
            <height>30</height>
            <align>center</align>
            <aligny>center</aligny>
            <font>osdTitle</font>
            <textcolor>ffffffff</textcolor>
        </control>
		<control type="button" id="98000">
                    <description>PHOENIX TV</description>
                    <posx>250</posx>
                    <posy>188</posy>
                    <width>300</width>
                    <height>30</height>
					<onup>98004</onup>
					<ondown>98001</ondown>
					<onleft>Dialog.Close(1110)</onleft>
					<textcolor>ffffffff</textcolor>
                    <font>smallfont</font>
                    <label>[B]PHOENIX TV[/B]</label>
                    <aligny>center</aligny>
                    <align>left</align>
					<texturefocus>tvguide-program-grey-focus.png</texturefocus>
                    <texturenofocus>tvguide-program-grey.png</texturenofocus>
					<onclick>ActivateWindow(10025,&quot;plugin://plugin.video.phstreams/?action=ndmode&amp;audio=0&amp;content=0&amp;fanart=C%3a%5cUsers%5cTony%5cAppData%5cRoaming%5cKodi%5caddons%5cplugin.video.phstreams%5cfanart.jpg&amp;image=http%3a%2f%2fshanghai.watchkodi.com%2fPhoenix%2520Tv%2520Icon.jpg&amp;name=Phoenix%20TV&amp;playable=false&amp;tvshow=0&amp;url=http%3a%2f%2fshanghai.watchkodi.com%2fmaindir%2fmain.xml&quot;,return)</onclick>
					<onclick>Dialog.Close(1110)</onclick>
					<onclick>Dialog.Close(1101)</onclick>
                </control>
				<control type="button" id="98001">
                    <description>SPORTS GUIDE</description>
                    <posx>250</posx>
                    <posy>226</posy>
                    <width>300</width>
                    <height>30</height>
					<onup>98000</onup>
					<ondown>98002</ondown>
					<onleft>Dialog.Close(1110)</onleft>
					<textcolor>ffffffff</textcolor>
                    <font>smallfont</font>
                    <label>[B]JEKYLL AND HYDE TV[/B]</label>
                    <aligny>center</aligny>
                    <align>left</align>
					<texturefocus>tvguide-program-grey-focus.png</texturefocus>
                    <texturenofocus>tvguide-program-grey.png</texturenofocus>
					<onclick>ActivateWindow(10025,&quot;plugin://plugin.video.Jeckyll-Hyde/?fanart=http%3a%2f%2fkngt.x10host.com%2fLists%2fLogos%2fLive_TV_fanart1.png&amp;mode=1&amp;name=Live%20Tv&amp;url=http%3a%2f%2fkngt.x10host.com%2fLists%2fLive_TV%2fMenu.xml&quot;,return))</onclick>
					<onclick>Dialog.Close(1110)</onclick>
					<onclick>Dialog.Close(1101)</onclick>
                </control>
				<control type="button" id="98002">
                    <description>PROJECT CYPHER</description>
                    <posx>250</posx>
                    <posy>264</posy>
                    <width>300</width>
                    <height>30</height>
					<onup>98001</onup>
					<ondown>98003</ondown>
					<onleft>Dialog.Close(1110)</onleft>
					<textcolor>ffffffff</textcolor>
                    <font>smallfont</font>
                    <label>[B]PROJECT CYPHER[/B]</label>
                    <aligny>center</aligny>
                    <align>left</align>
					<texturefocus>tvguide-program-grey-focus.png</texturefocus>
                    <texturenofocus>tvguide-program-grey.png</texturenofocus>
					<onclick>RunAddon(plugin.video.ProjectCypher)</onclick>
					<onclick>Dialog.Close(1110)</onclick>
					<onclick>Dialog.Close(1101)</onclick>
                </control>
				<control type="button" id="98003">
                    <description>UK TURKS</description>
                    <posx>250</posx>
                    <posy>302</posy>
                    <width>300</width>
                    <height>30</height>
					<onup>98002</onup>
					<ondown>98004</ondown>
					<onleft>Dialog.Close(1110)</onleft>
					<textcolor>ffffffff</textcolor>
                    <font>smallfont</font>
                    <label>[B]UK TURKS[/B]</label>
                    <aligny>center</aligny>
                    <align>left</align>
					<texturefocus>tvguide-program-grey-focus.png</texturefocus>
                    <texturenofocus>tvguide-program-grey.png</texturenofocus>
					<onclick>ActivateWindow(10025,&quot;plugin://plugin.video.ukturk/?description&amp;iconimage=http%3a%2f%2fmetalkettle.co%2fUKTurk%2fthumbs%2fUK%20TURK%20english%20tv.jpg&amp;mode=1&amp;name=English%20TV&amp;url=http%3a%2f%2fmetalkettle.co%2fUKTurk%2fEnglish.txt&quot;,return))</onclick>
					<onclick>Dialog.Close(1110)</onclick>
					<onclick>Dialog.Close(1101)</onclick>
                </control>
				<control type="button" id="98004">
                    <description>FILM ON</description>
                    <posx>250</posx>
                    <posy>340</posy>
                    <width>300</width>
                    <height>30</height>
					<onup>98003</onup>
					<ondown>98005</ondown>
					<onleft>Dialog.Close(1110)</onleft>
					<textcolor>ffffffff</textcolor>
                    <font>smallfont</font>
                    <label>[B]FILM ON[/B]</label>
                    <aligny>center</aligny>
                    <align>left</align>
					<texturefocus>tvguide-program-grey-focus.png</texturefocus>
                    <texturenofocus>tvguide-program-grey.png</texturenofocus>
					<onclick>RunAddon(plugin.video.F.T.V)</onclick>
					<onclick>Dialog.Close(1110)</onclick>
					<onclick>Dialog.Close(1101)</onclick>
                </control>
				<control type="button" id="98005">
                    <description>dexter</description>
                    <posx>250</posx>
                    <posy>378</posy>
                    <width>300</width>
                    <height>30</height>
					<onup>98004</onup>
					<ondown>98006</ondown>
					<onleft>Dialog.Close(1110)</onleft>
					<textcolor>ffffffff</textcolor>
                    <font>smallfont</font>
                    <label>[B]DEXTER - requires login[/B]</label>
                    <aligny>center</aligny>
                    <align>left</align>
					<texturefocus>tvguide-program-grey-focus.png</texturefocus>
                    <texturenofocus>tvguide-program-grey.png</texturenofocus>
					<onclick>RunAddon(plugin.video.dextertv)</onclick>
					<onclick>Dialog.Close(1110)</onclick>
					<onclick>Dialog.Close(1101)</onclick>
                </control>
				<control type="button" id="98006">
                    <description>CCLOUD</description>
                    <posx>250</posx>
                    <posy>416</posy>
                    <width>300</width>
                    <height>30</height>
					<onup>98005</onup>
					<ondown>98007</ondown>
					<onleft>Dialog.Close(1110)</onleft>
					<textcolor>ffffffff</textcolor>
                    <font>smallfont</font>
                    <label>[B]CCLOUD[/B]</label>
                    <aligny>center</aligny>
                    <align>left</align>
					<texturefocus>tvguide-program-grey-focus.png</texturefocus>
                    <texturenofocus>tvguide-program-grey.png</texturenofocus>
					<onclick>RunAddon(plugin.video.ccloudtv)</onclick>
					<onclick>Dialog.Close(1110)</onclick>
					<onclick>Dialog.Close(1101)</onclick>
                </control>
				<control type="button" id="98007">
                    <description>CHANNEL PEAR</description>
                    <posx>250</posx>
                    <posy>454</posy>
                    <width>300</width>
                    <height>30</height>
					<onup>98006</onup>
					<ondown>98000</ondown>
					<onleft>Dialog.Close(1110)</onleft>
					<textcolor>ffffffff</textcolor>
                    <font>smallfont</font>
                    <label>[B]CHANNEL PEAR[/B]</label>
                    <aligny>center</aligny>
                    <align>left</align>
					<texturefocus>tvguide-program-grey-focus.png</texturefocus>
                    <texturenofocus>tvguide-program-grey.png</texturenofocus>
					<onclick>RunAddon(plugin.video.channelpear)</onclick>
					<onclick>Dialog.Close(1110)</onclick>
					<onclick>Dialog.Close(1101)</onclick>
                </control>

				</controls>
</window>
