<?xml version="1.0" encoding="utf-8"?>
<window id="1104" type="dialog">
	<allowoverlay>no</allowoverlay>
	<defaultcontrol always="true">93000</defaultcontrol>
	<coordinates>
		<system>1</system>
		<posx>400</posx>
		<posy>100</posy>
	</coordinates>
    <animation effect="slide" start="150,0" end="0,0" time="100">WindowOpen</animation>
    <animation effect="slide" start="0,0" end="150,0" time="100">WindowClose</animation>
    <controls>

     
        <control type="image">
            <posx>0</posx>
            <posy>188</posy>
            <width>250</width>
            <height>300</height>
            <texture>background.jpg</texture>
        </control>
			
        <control type="image" id="4100">
            <posx>170</posx>
            <posy>380</posy>
            <width>150</width>
            <height>80</height>
            <aspectratio>keep</aspectratio>
        </control>
        <control type="label" id="4101">
            <posx>20</posx>
            <posy>50</posy>
            <width>240</width>
            <height>30</height>
            <align>center</align>
            <aligny>center</aligny>
            <font>osdTitle</font>
            <textcolor>ffffffff</textcolor>
        </control>
		<control type="button" id="93000">
                    <description>YOUTUBE</description>
                    <posx>0</posx>
                    <posy>190</posy>
                    <width>250</width>
                    <height>30</height>
					<onup>93006</onup>
					<ondown>93001</ondown>
					<onleft>Dialog.Close(1104)</onleft>
					<textcolor>ffffffff</textcolor>
                    <font>smallfont</font>
                    <label>[B]YOUTUBE[/B]</label>
                    <aligny>center</aligny>
                    <align>left</align>
					<texturefocus>tvguide-program-grey-focus.png</texturefocus>
                    <texturenofocus>tvguide-program-grey.png</texturenofocus>
					<onclick>ActivateWindow(10025,&quot;plugin://plugin.video.youtube/kodion/search/list/&quot;,return)</onclick>
					<onclick>Dialog.Close(1104)</onclick>
                </control>
				<control type="button" id="93001">
                    <description>GENESIS</description>
                    <posx>0</posx>
                    <posy>230</posy>
                    <width>250</width>
                    <height>30</height>
					<onup>93000</onup>
					<ondown>93002</ondown>
					<onleft>Dialog.Close(1104)</onleft>
					<textcolor>ffffffff</textcolor>
                    <font>smallfont</font>
                    <label>[B]GENESIS[/B]</label>
                    <aligny>center</aligny>
                    <align>left</align>
					<texturefocus>tvguide-program-grey-focus.png</texturefocus>
                    <texturenofocus>tvguide-program-grey.png</texturenofocus>
					<onclick>ActivateWindow(10025,&quot;plugin://plugin.video.genesis/?action=searchNavigator&quot;,return)</onclick>
					<onclick>Dialog.Close(1104)</onclick>
                </control>
				<control type="button" id="93002">
                    <description>PHOENIX</description>
                    <posx>0</posx>
                    <posy>270</posy>
                    <width>250</width>
                    <height>30</height>
					<onup>93001</onup>
					<ondown>93003</ondown>
					<onleft>Dialog.Close(1104)</onleft>
					<textcolor>ffffffff</textcolor>
                    <font>smallfont</font>
                    <label>[B]PHOENIX[/B]</label>
                    <aligny>center</aligny>
                    <align>left</align>
					<texturefocus>tvguide-program-grey-focus.png</texturefocus>
                    <texturenofocus>tvguide-program-grey.png</texturenofocus>
					<onclick>ActivateWindow(10025,&quot;plugin://plugin.video.phstreams/?action=search&quot;,return)</onclick>
					<onclick>Dialog.Close(1104)</onclick>
                </control>
				<control type="button" id="93003">
                    <description>ROBOCOP</description>
                    <posx>0</posx>
                    <posy>310</posy>
                    <width>250</width>
                    <height>30</height>
					<onup>93002</onup>
					<ondown>93004</ondown>
					<onleft>Dialog.Close(1104)</onleft>
					<textcolor>ffffffff</textcolor>
                    <font>smallfont</font>
                    <label>[B]ROBOCOP[/B]</label>
                    <aligny>center</aligny>
                    <align>left</align>
					<texturefocus>tvguide-program-grey-focus.png</texturefocus>
                    <texturenofocus>tvguide-program-grey.png</texturenofocus>
					<onclick>ActivateWindow(10025,&quot;plugin://plugin.video.OperationRobocopUltimate/?fanart=C%3a%5cUsers%5cTony%5cAppData%5cRoaming%5cKodi%5caddons%5cplugin.video.OperationRobocopUltimate%5cfanart.jpg&amp;mode=40&amp;name=Search&amp;url=Search&quot;,return)</onclick>
					<onclick>Dialog.Close(1104)</onclick>
                </control>
				<control type="button" id="93004">
                    <description>search artists</description>
                    <posx>0</posx>
                    <posy>350</posy>
                    <width>250</width>
                    <height>30</height>
					<onup>93003</onup>
					<ondown>93005</ondown>
					<onleft>Dialog.Close(1104)</onleft>
					<textcolor>ffffffff</textcolor>
                    <font>smallfont</font>
                    <label>[B]ARTISTS[/B]</label>
                    <aligny>center</aligny>
                    <align>left</align>
					<texturefocus>tvguide-program-grey-focus.png</texturefocus>
                    <texturenofocus>tvguide-program-grey.png</texturenofocus>
					<onclick>ActivateWindow(10501,&quot;plugin://plugin.audio.mp3streams/?iconimage=C%3a%5cUsers%5cTony%5cAppData%5cRoaming%5cKodi%5caddons%5cplugin.audio.mp3streams%5cart%2fsearchartists.jpg&amp;list=search%20artists%3c%3eurl%3c%3eC%3a%5cUsers%5cTony%5cAppData%5cRoaming%5cKodi%5caddons%5cplugin.audio.mp3streams%5cart%2fsearchartists.jpg&amp;mode=24&amp;name=Search%20Artists&amp;type&amp;url=url&quot;,return)</onclick>
					<onclick>Dialog.Close(1104)</onclick>
                </control>
				<control type="button" id="93005">
                    <description>SEARCH ALBUMS</description>
                    <posx>0</posx>
                    <posy>390</posy>
                    <width>250</width>
                    <height>30</height>
					<onup>93004</onup>
					<ondown>93006</ondown>
					<onleft>Dialog.Close(1104)</onleft>
					<textcolor>ffffffff</textcolor>
                    <font>smallfont</font>
                    <label>[B]ALBUMS[/B]</label>
                    <aligny>center</aligny>
                    <align>left</align>
					<texturefocus>tvguide-program-grey-focus.png</texturefocus>
                    <texturenofocus>tvguide-program-grey.png</texturenofocus>
					<onclick>ActivateWindow(10501,&quot;plugin://plugin.audio.mp3streams/?iconimage=C%3a%5cUsers%5cTony%5cAppData%5cRoaming%5cKodi%5caddons%5cplugin.audio.mp3streams%5cart%2fsearchalbums.jpg&amp;list=search%20albums%3c%3eurl%3c%3eC%3a%5cUsers%5cTony%5cAppData%5cRoaming%5cKodi%5caddons%5cplugin.audio.mp3streams%5cart%2fsearchalbums.jpg&amp;mode=24&amp;name=Search%20Albums&amp;type&amp;url=url&quot;,return)</onclick>
					<onclick>Dialog.Close(1104)</onclick>
                </control>
				<control type="button" id="93006">
                    <description>SEARCH SONGS</description>
                    <posx>0</posx>
                    <posy>430</posy>
                    <width>250</width>
                    <height>30</height>
					<onup>93005</onup>
					<ondown>93000</ondown>
					<onleft>Dialog.Close(1104)</onleft>
					<textcolor>ffffffff</textcolor>
                    <font>smallfont</font>
                    <label>[B]SONGS[/B]</label>
                    <aligny>center</aligny>
                    <align>left</align>
					<texturefocus>tvguide-program-grey-focus.png</texturefocus>
                    <texturenofocus>tvguide-program-grey.png</texturenofocus>
					<onclick>ActivateWindow(10501,&quot;plugin://plugin.audio.mp3streams/?iconimage=C%3a%5cUsers%5cTony%5cAppData%5cRoaming%5cKodi%5caddons%5cplugin.audio.mp3streams%5cart%2fsearchsongs.jpg&amp;list=search%20songs%3c%3eurl%3c%3eC%3a%5cUsers%5cTony%5cAppData%5cRoaming%5cKodi%5caddons%5cplugin.audio.mp3streams%5cart%2fsearchsongs.jpg&amp;mode=24&amp;name=Search%20Songs&amp;type&amp;url=url&quot;,return)</onclick>
					<onclick>Dialog.Close(1104)</onclick>
                </control>
        
    </controls>
</window>
