<?xml version="1.0" encoding="utf-8"?>
<window id="1101" type="dialog">
	<allowoverlay>yes</allowoverlay>
	<defaultcontrol always="true">90000</defaultcontrol>
	<coordinates>
		<system>1</system>
		<posx>400</posx>
		<posy>100</posy>
	</coordinates>
    <animation effect="slide" start="150,0" end="0,0" time="100">WindowOpen</animation>
    <animation effect="slide" start="0,0" end="150,0" time="100">WindowClose</animation>
    <controls>

     
        <control type="image">
            <posx>0</posx>
            <posy>188</posy>
            <width>250</width>
            <height>300</height>
            <texture>background.jpg</texture>
        </control>
			
        <control type="image" id="4100">
            <posx>170</posx>
            <posy>380</posy>
            <width>150</width>
            <height>80</height>
            <aspectratio>keep</aspectratio>
        </control>
        <control type="label" id="4101">
            <posx>20</posx>
            <posy>50</posy>
            <width>240</width>
            <height>30</height>
            <align>center</align>
            <aligny>center</aligny>
            <font>osdTitle</font>
            <textcolor>ffffffff</textcolor>
        </control>
		<control type="button" id="90000">
                    <description>GUIDE</description>
                    <posx>0</posx>
                    <posy>190</posy>
                    <width>250</width>
                    <height>30</height>
					<onup>90004</onup>
					<ondown>90001</ondown>
					<onright>ActivateWindow(1108)</onright>
					<onleft>Dialog.Close(1101)</onleft>
					<textcolor>ffffffff</textcolor>
                    <font>smallfont</font>
                    <label>[B]GUIDE[/B]</label>
                    <aligny>center</aligny>
                    <align>left</align>
					<texturefocus>tvguide-program-grey-focus.png</texturefocus>
                    <texturenofocus>tvguide-program-grey.png</texturenofocus>
					<onclick>ReplaceWindow(1108)</onclick>
                </control>
				<control type="button" id="90001">
                    <description>LIVE TV</description>
                    <posx>0</posx>
                    <posy>230</posy>
                    <width>250</width>
                    <height>30</height>
					<onup>90000</onup>
					<ondown>90002</ondown>
					<onright>ActivateWindow(1110)</onright>
					<onleft>Dialog.Close(1101)</onleft>
					<textcolor>ffffffff</textcolor>
                    <font>smallfont</font>
                    <label>[B]LIVE TV[/B]</label>
                    <aligny>center</aligny>
                    <align>left</align>
					<texturefocus>tvguide-program-grey-focus.png</texturefocus>
                    <texturenofocus>tvguide-program-grey.png</texturenofocus>
					<onclick>ReplaceWindow(1110)</onclick>
                </control><control type="button" id="90002">
                    <description>24/7 TV</description>
                    <posx>0</posx>
                    <posy>270</posy>
                    <width>250</width>
                    <height>30</height>
					<onup>90001</onup>
					<ondown>90003</ondown>
					<onright>ActivateWindow(1109)</onright>
					<onleft>Dialog.Close(1101)</onleft>
					<textcolor>ffffffff</textcolor>
                    <font>smallfont</font>
                    <label>[B]24/7 TV[/B]</label>
                    <aligny>center</aligny>
                    <align>left</align>
					<texturefocus>tvguide-program-grey-focus.png</texturefocus>
                    <texturenofocus>tvguide-program-grey.png</texturenofocus>
					<onclick>ReplaceWindow(1109)</onclick>
                </control>
				<control type="button" id="90003">
                    <description>SOAPS</description>
                    <posx>0</posx>
                    <posy>310</posy>
                    <width>250</width>
                    <height>30</height>
					<onup>90002</onup>
					<ondown>90004</ondown>
					<onleft>Dialog.Close(1101)</onleft>
					<textcolor>ffffffff</textcolor>
                    <font>smallfont</font>
                    <label>[B]SOAPS[/B]</label>
                    <aligny>center</aligny>
                    <align>left</align>
					<texturefocus>tvguide-program-grey-focus.png</texturefocus>
                    <texturenofocus>tvguide-program-grey.png</texturenofocus>
					<onclick>RunAddon(plugin.video.SoapCatchup)</onclick>
					<onclick>Dialog.Close(1101)</onclick>
                </control>
				<control type="button" id="90004">
                    <description>TV SHOWS</description>
                    <posx>0</posx>
                    <posy>350</posy>
                    <width>250</width>
                    <height>30</height>
					<onup>90003</onup>
					<ondown>90000</ondown>
					<onleft>Dialog.Close(1101)</onleft>
					<textcolor>ffffffff</textcolor>
                    <font>smallfont</font>
                    <label>[B]TV SHOWS[/B]</label>
                    <aligny>center</aligny>
                    <align>left</align>
					<texturefocus>tvguide-program-grey-focus.png</texturefocus>
                    <texturenofocus>tvguide-program-grey.png</texturenofocus>
					<onclick>ActivateWindow(10025,&quot;plugin://plugin.video.genesis/?action=tvNavigator&quot;,return)</onclick>
					<onclick>Dialog.Close(1101)</onclick>
                </control>
        
    </controls>
</window>
