<?xml version="1.0" encoding="UTF-8"?>
    <addon id="repository.nextgen" name="NextGen Repo" version="1.0.1" provider-name="Origin">
        <requires>
            <import addon="xbmc.addon" version="12.0.0"/>
        </requires>
        <extension point="xbmc.addon.repository" name="NextGen Repo">
            <info compressed="false">https://raw.github.com/toall1985/next-gen/master/_repo/addons.xml</info>
            <checksum>https://raw.github.com/toall1985/next-gen/master/_repo/addons.xml.md5</checksum>
            <datadir zip="true">https://raw.github.com/toall1985/next-gen/master/_repo/</datadir>
            <hashes>false</hashes>
        </extension>
        <extension point="xbmc.addon.metadata">
            <summary>Custom skin mod/build by origin</summary>
            <description>Next Gen Build Repo</description>
            <platform>all</platform>
    </extension>
</addon>