<?xml version="1.0" encoding="utf-8"?>
<window id="1102" type="dialog">
	<allowoverlay>no</allowoverlay>
	<defaultcontrol always="true">91000</defaultcontrol>
	<coordinates>
		<system>1</system>
		<posx>400</posx>
		<posy>100</posy>
	</coordinates>
    <animation effect="slide" start="150,0" end="0,0" time="100">WindowOpen</animation>
    <animation effect="slide" start="0,0" end="150,0" time="100">WindowClose</animation>
    <controls>

     
        <control type="image">
            <posx>0</posx>
            <posy>188</posy>
            <width>250</width>
            <height>300</height>
            <texture>background.jpg</texture>
        </control>
			
        <control type="image" id="4100">
            <posx>170</posx>
            <posy>380</posy>
            <width>150</width>
            <height>80</height>
            <aspectratio>keep</aspectratio>
        </control>
        <control type="label" id="4101">
            <posx>20</posx>
            <posy>50</posy>
            <width>240</width>
            <height>30</height>
            <align>center</align>
            <aligny>center</aligny>
            <font>osdTitle</font>
            <textcolor>ffffffff</textcolor>
        </control>
		<control type="button" id="91000">
                    <description>LATEST MOVIES</description>
                    <posx>0</posx>
                    <posy>190</posy>
                    <width>250</width>
                    <height>30</height>
					<onup>91004</onup>
					<ondown>91001</ondown>
					<onleft>Dialog.Close(1102)</onleft>
					<textcolor>ffffffff</textcolor>
                    <font>smallfont</font>
                    <label>[B]LATEST MOVIES[/B]</label>
                    <aligny>center</aligny>
                    <align>left</align>
					<texturefocus>tvguide-program-grey-focus.png</texturefocus>
                    <texturenofocus>tvguide-program-grey.png</texturenofocus>
					<onclick>ActivateWindow(10025,&quot;plugin://plugin.video.genesis/?action=movieWidget&quot;,return)</onclick>
					<onclick>Dialog.Close(1102)</onclick>
				</control>
				<control type="button" id="91001">
                    <description>GENESIS MOVIES</description>
                    <posx>0</posx>
                    <posy>230</posy>
                    <width>250</width>
                    <height>30</height>
					<onup>91000</onup>
					<ondown>91002</ondown>
					<onleft>Dialog.Close(1102)</onleft>
					<textcolor>ffffffff</textcolor>
                    <font>smallfont</font>
                    <label>[B]GENESIS MOVIES[/B]</label>
                    <aligny>center</aligny>
                    <align>left</align>
					<texturefocus>tvguide-program-grey-focus.png</texturefocus>
                    <texturenofocus>tvguide-program-grey.png</texturenofocus>
					<onclick>ActivateWindow(10025,&quot;plugin://plugin.video.genesis/?action=movieNavigator&quot;,return)</onclick>
					<onclick>Dialog.Close(1102)</onclick>
				</control>
				<control type="button" id="91002">
                    <description>STAAEL2014</description>
                    <posx>0</posx>
                    <posy>270</posy>
                    <width>250</width>
                    <height>30</height>
					<onup>91001</onup>
					<ondown>91003</ondown>
					<onleft>Dialog.Close(1102)</onleft>
					<textcolor>ffffffff</textcolor>
                    <font>smallfont</font>
                    <label>[B]STAAEL 2014[/B]</label>
                    <aligny>center</aligny>
                    <align>left</align>
					<texturefocus>tvguide-program-grey-focus.png</texturefocus>
                    <texturenofocus>tvguide-program-grey.png</texturenofocus>
					<onclick>ActivateWindow(10025,&quot;plugin://plugin.video.phstreams/?action=ndmode&amp;audio=0&amp;content=0&amp;fanart=C%3a%5cUsers%5cTony%5cAppData%5cRoaming%5cKodi%5caddons%5cplugin.video.phstreams%5cfanart.jpg&amp;image=http%3a%2f%2fs29.postimg.org%2fta0bxj12f%2fstaael1.png&amp;name=Staael2014&amp;playable=false&amp;tvshow=0&amp;url=http%3a%2f%2ftuzla.watchkodi.com%2fmaindir%2fmain.xml&quot;,return)</onclick>
					<onclick>Dialog.Close(1102)</onclick>
				</control>
				<control type="button" id="91003">
                    <description>ROCK CRUSHER</description>
                    <posx>0</posx>
                    <posy>310</posy>
                    <width>250</width>
                    <height>30</height>
					<onup>91002</onup>
					<ondown>91004</ondown>
					<onleft>Dialog.Close(1102)</onleft>
					<textcolor>ffffffff</textcolor>
                    <font>smallfont</font>
                    <label>[B]ROCK CRUSHER[/B]</label>
                    <aligny>center</aligny>
                    <align>left</align>
					<texturefocus>tvguide-program-grey-focus.png</texturefocus>
                    <texturenofocus>tvguide-program-grey.png</texturenofocus>
					<onclick>ActivateWindow(10025,&quot;plugin://plugin.video.phstreams/?action=ndmode&amp;audio=0&amp;content=0&amp;fanart=C%3a%5cUsers%5cTony%5cAppData%5cRoaming%5cKodi%5caddons%5cplugin.video.phstreams%5cfanart.jpg&amp;image=http%3a%2f%2fyork.watchkodi.com%2fmyicon.jpg&amp;name=Rockcrusher&amp;playable=false&amp;tvshow=0&amp;url=http%3a%2f%2fyork.watchkodi.com%2fMainDir%2fmain.xml&quot;,return)</onclick>
					<onclick>Dialog.Close(1102)</onclick>
				</control>
				<control type="button" id="91004">
                    <description>One242415</description>
                    <posx>0</posx>
                    <posy>350</posy>
                    <width>250</width>
                    <height>30</height>
					<onleft>Dialog.Close(1102)</onleft>
					<onup>91003</onup>
					<ondown>91000</ondown>
					<textcolor>ffffffff</textcolor>
                    <font>smallfont</font>
                    <label>[B]ONE242415[/B]</label>
                    <aligny>center</aligny>
                    <align>left</align>
					<texturefocus>tvguide-program-grey-focus.png</texturefocus>
                    <texturenofocus>tvguide-program-grey.png</texturenofocus>
					<onclick>ActivateWindow(10025,&quot;plugin://plugin.video.phstreams/?action=ndmode&amp;audio=0&amp;content=0&amp;fanart=C%3a%5cUsers%5cTony%5cAppData%5cRoaming%5cKodi%5caddons%5cplugin.video.phstreams%5cfanart.jpg&amp;image=http%3a%2f%2fgibraltar.watchkodi.com%2fskullPhoenicIcon.png&amp;name=One242415&amp;playable=false&amp;tvshow=0&amp;url=http%3a%2f%2fgibraltar.watchkodi.com%2fmaindir%2fmain.xml&quot;,return)</onclick>
					<onclick>Dialog.Close(1102)</onclick>
				</control>
        
    </controls>
</window>
